"id","name"
1,"Acana"
2,"Bil Jac"
3,"Bixbi"
4,"Blue Buffalo"
5,"Canidae"
6,"Chicken Soup"
7,"Diamond"
8,"Eagle Pack"
9,"Earthborn"
10,"Eukanuba"
11,"Farmina"
12,"Fromm"
13,"Go!"
14,"Holistic Select"
15,"Inception"
16,"Lotus"
17,"Loyall"
18,"Merrick"
19,"Native"
20,"Natural Balance"
21,"Nature's Logic"
22,"Nature's Variety"
23,"Now Fresh"
24,"Nulo"
25,"Nutrisca"
26,"Nutrisource"
27,"Nutro"
28,"Open Farm"
29,"Orijen"
30,"Pro Pac"
31,"Pure Vita"
32,"Purina Pro Plan"
34,"Royal Canin"
35,"Science Diet"
36,"Solid Gold"
37,"Stella & Chewys"
38,"Taste of the Wild"
40,"Victor"
41,"Wellness"
42,"Whole Earth Farms"
43,"Zignature"
