"id","brand_id","description","image"
1,1,"Prairie Poultry","https://acana.com/dw/image/v2/BFDW_PRD/on/demandware.static/-/Sites-cpf-master-catalog/default/dw1f0a532b/images/northstar/NS%20ACANA%20Classics%20Prairie%20Poultry%20Dog%20Front%20Right%206kg.png?sw=1200"
2,1,"Wild Coast","https://acana.com/dw/image/v2/BFDW_PRD/on/demandware.static/-/Sites-cpf-master-catalog/default/dw363bbf66/images/northstar/NS%20ACANA%20Classics%20Wild%20Coast%20Dog%20Front%20Right%206kg.png?sw=1200"
3,1,"Classic Red","https://acana.com/dw/image/v2/BFDW_PRD/on/demandware.static/-/Sites-cpf-master-catalog/default/dwb04403fe/images/northstar/NS%20ACANA%20Classics%20Classic%20Red%20Dog%20Front%20Right%206kg.png?sw=1200"
4,1,"Wholesome Grains Free-Run Poultry Recipe","https://acana.com/dw/image/v2/BFDW_PRD/on/demandware.static/-/Sites-cpf-master-catalog/default/dw77532043/wholesome-grains/Poultry/P_New%20look-01-01.png?sw=1200"
5,1,"Wholesome Grains Red Meat","https://acana.com/dw/image/v2/BFDW_PRD/on/demandware.static/-/Sites-cpf-master-catalog/default/dwef22a49b/wholesome-grains/Red%20Meat/Red%20Meat_New%20look-01-01.png?sw=1200"
6,1,"Adult","https://acana.com/dw/image/v2/BFDW_PRD/on/demandware.static/-/Sites-cpf-master-catalog/default/dwab8b76db/images/northstar/NS%20ACANA%20Heritage%20Adult%20Dog%20Front%20Right%206kg.png?sw=1200"
7,1,"Sport & Agility","https://acana.com/dw/image/v2/BFDW_PRD/on/demandware.static/-/Sites-cpf-master-catalog/default/dw48ef7d03/images/northstar/NS%20ACANA%20Heritage%20Sport%20&%20Agility%20Dog%20Front%20Right%2011.4kg.png?sw=450"
8,1,"Light & Fit","https://acana.com/dw/image/v2/BFDW_PRD/on/demandware.static/-/Sites-cpf-master-catalog/default/dw1f2e27fc/images/northstar/NS%20ACANA%20Heritage%20Light%20&%20Fit%20Dog%20Front%20Right%206kg.png?sw=1200"
9,1,"Senior","https://acana.com/dw/image/v2/BFDW_PRD/on/demandware.static/-/Sites-cpf-master-catalog/default/dw47c8fd81/images/northstar/NS%20ACANA%20Heritage%20Senior%20Dog%20Front%20Right%206kg.png?sw=1200"
10,1,"Wild Prairie","https://acana.com/dw/image/v2/BFDW_PRD/on/demandware.static/-/Sites-cpf-master-catalog/default/dw69f0eaaa/images/northstar/NS%20ACANA%20Regionals%20Wild%20Prairie%20Dog%20Front%20Right%206kg.png?sw=1200"
11,1,"Wild Pacifica","https://acana.com/dw/image/v2/BFDW_PRD/on/demandware.static/-/Sites-cpf-master-catalog/default/dw3ed71aee/images/northstar/NS%20ACANA%20Regionals%20Pacifica%20Dog%20Front%20Right%206kg.png?sw=1200"
13,1,"Ranchlands","https://acana.com/dw/image/v2/BFDW_PRD/on/demandware.static/-/Sites-cpf-master-catalog/default/dw622b3bef/images/northstar/NS%20ACANA%20Regionals%20Ranchlands%20Dog%20Front%20Right%206kg.png?sw=1200"
14,1,"Free-Run Duck","https://acana.com/dw/image/v2/BFDW_PRD/on/demandware.static/-/Sites-cpf-master-catalog/default/dwad4283d2/images/northstar/NS%20ACANA%20Singles%20Free-Run%20Duck%20Dog%20Front%20Right%206kg.png?sw=1200"
15,1,"Yorkshire Pork","https://acana.com/dw/image/v2/BFDW_PRD/on/demandware.static/-/Sites-cpf-master-catalog/default/dwab3480da/images/northstar/NS%20ACANA%20Singles%20Yorkshire%20Pork%20Dog%20Front%20Right%206kg.png?sw=1200"
16,1,"Grassfed Lamb","https://acana.com/dw/image/v2/BFDW_PRD/on/demandware.static/-/Sites-cpf-master-catalog/default/dw1835b63e/images/northstar/NS%20ACANA%20Singles%20Grass-Fed%20Lamb%20Dog%20Front%20Right%206kg.png?sw=1200"
17,1,"Duck with Pear","https://acana.com/dw/image/v2/BFDW_PRD/on/demandware.static/-/Sites-cpf-master-catalog/default/dw3f194400/images/dogstar/DS%20ACANA%20Singles%20Duck%20&%20Pear%20Dog%20Front%20Right%2013lb.png?sw=450"
18,1,"Pork with Squash","https://acana.com/dw/image/v2/BFDW_PRD/on/demandware.static/-/Sites-cpf-master-catalog/default/dw8dce14b8/images/dogstar/DS%20ACANA%20Singles%20Pork%20&%20Squash%20Dog%20Front%20Right%2013lb.png?sw=450"
19,1,"Lamb with Apple","https://acana.com/dw/image/v2/BFDW_PRD/on/demandware.static/-/Sites-cpf-master-catalog/default/dw7d48e5c6/images/dogstar/DS%20ACANA%20Singles%20Lamb%20&%20Apple%20Dog%20Front%20Right%2013lb.png?sw=1200"
20,2,"Adult Select Formula","https://img.chewy.com/is/image/catalog/141923_MAIN._AC_SL1500_V1517352376_.jpg"
21,2,"Sensitive Solutions with Whitefish","https://img.chewy.com/is/image/catalog/141945_MAIN._AC_SL1500_V1517352708_.jpg"
22,1,"Grasslands","https://acana.com/dw/image/v2/BFDW_PRD/on/demandware.static/-/Sites-cpf-master-catalog/default/dwc5977e3b/images/dogstar/DS%20ACANA%20Regionals%20Grasslands%20Dog%20Front%20Right%2013lb.png?sw=1200"
30,4,"Wilderness Adult Chicken Recipe","https://img.chewy.com/is/image/catalog/46870_MAIN._AC_SL1500_V1598118998_.jpg"
31,4,"Basics Adult Grain Free Salmon & Potato","https://cdn.shopify.com/s/files/1/0812/3573/products/35869-1556120154_800x.png?v=1571451086"
32,4,"Wilderness Adult Duck Recipe","https://img.chewy.com/is/image/catalog/46862_MAIN._AC_SL1500_V1598117220_.jpg"
33,4,"Freedom Adult Chicken Recipe","https://img.chewy.com/is/image/catalog/50777_MAIN._AC_SL400_V1565903821_.jpg"
34,4,"Adult Lamb & Brown Recipe","https://img.chewy.com/is/image/catalog/144076_MAIN._AC_SL1500_V1562359650_.jpg"
35,4,"Basics Adult Limited Ingredient Salmon & Potato","https://img.chewy.com/is/image/catalog/46887_MAIN._AC_SL1500_V1565900275_.jpg"
36,4,"Wilderness Adult Rocky Mountain Red Meat Recipe","https://images-na.ssl-images-amazon.com/images/I/91TdviRQEQL._AC_SX425_.jpg"
37,4,"Wilderness Adult Denali Recipe","https://images-na.ssl-images-amazon.com/images/I/91WRlGpjUGL._AC_SL1500_.jpg"
38,4,"Fish & Brown Rice Recipe","https://www.petflow.com/images/default/products/maximal/11518-1524247384.png"
23,3,"Rawbble Chicken Recipe","https://images-na.ssl-images-amazon.com/images/I/71ix5CDCw9L._AC_SX425_.jpg"
25,3,"Rawbble Duck Recipe","https://img.chewy.com/is/image/catalog/228742_MAIN._AC_SL400_V1614034036_.jpg"
24,3,"Rawbble Lamb Recipe","https://img.chewy.com/is/image/catalog/228745_MAIN._AC_SL400_V1614036380_.jpg"
26,3,"Rawbble Pork Recipe","https://img.chewy.com/is/image/catalog/228749_MAIN._AC_SL400_V1614033104_.jpg"
28,3,"Rawbble Landatarian with Ancient Grains Recipe","https://cdn.shopify.com/s/files/1/2134/0349/products/bixbi-dry-dog-food-bixbi-ancient-grains-landatarian-dog-food-recipe-13769935093825_800x.png?v=1583939315"
27,3,"Rawbble Wingatarian with Ancient Grains Recipe","https://img.chewy.com/is/image/catalog/228757_MAIN._AC_SL400_V1585320066_.jpg"
39,4,"Freedom Adult Grain Free Lamb Recipe","https://img.chewy.com/is/image/catalog/75717_MAIN._AC_SL1500_V1565904466_.jpg"
40,4,"Basics Grain Free Lamb & Potato Recipe","https://img.chewy.com/is/image/catalog/75684_MAIN._AC_SL1500_V1565901460_.jpg"
41,4,"Freedom Adult Grain Free Beef Recipe","https://images-na.ssl-images-amazon.com/images/I/71gX63ApZBL._AC_SL1500_.jpg"
42,4,"Wilderness Adult Salmon Recipe","https://img.chewy.com/is/image/catalog/46867_MAIN._AC_SL1500_V1598116569_.jpg"
43,4,"Wilderness Adult Rocky Mountain Rabbit Recipe","https://images-na.ssl-images-amazon.com/images/I/91SXeS9uvgL._AC_SY741_.jpg"
44,4,"Basics Adult Grain Free Duck & Potato Recipe","https://assets.petco.com/petco/image/upload/f_auto,q_auto/2286225-center-1"
45,4,"Wilderness Adult Rocky Mountain Bison Recipe","https://images-na.ssl-images-amazon.com/images/I/91cu3WwfQhL._AC_SX425_.jpg"
46,4,"Basics Grain Free Turkey & Potato Formula","https://cdn11.bigcommerce.com/s-vmvni2zq0j/images/stencil/1280x1280/products/37080/48855/21000752__37689.1500584610.jpg?c=2"
47,4,"Basics Adult Limited Ingredient Turkey & Potato Recipe","https://assets.petco.com/petco/image/upload/f_auto,q_auto/1340450-center-1"
48,5,"Pure Range","https://cdn11.bigcommerce.com/s-yyfec6l/images/stencil/1280x1280/products/74944/203377/148589_MAIN._AC_SL1500_V1551735487___24349.1594758698.jpg?c=2"
49,5,"Under the Sun Grain Free with Lamb","https://images-na.ssl-images-amazon.com/images/I/71Y45U%2BmNPL._AC_SL1500_.jpg"
50,5,"Pure Ancestral Red Meat","https://img.chewy.com/is/image/catalog/148575_MAIN._AC_SL400_V1571281670_.jpg"
51,5,"Pure Ancestral Avian","https://images-na.ssl-images-amazon.com/images/I/81YbxRldNcL._AC_SX425_.jpg"
52,5,"Under the Sun Grain Free with Whitefish","https://img.chewy.com/is/image/catalog/101726_MAIN._AC_SL1500_V1551736062_.jpg"
53,5,"Under the Sun Grain Free Adult","https://images-na.ssl-images-amazon.com/images/I/81BxYNlKggL._AC_SX425_.jpg"
54,5,"Pure Wild","https://img.chewy.com/is/image/catalog/93153_MAIN._AC_SL1500_V1551735802_.jpg"
55,5,"All Life Stages Multi Protein ","https://img.chewy.com/is/image/catalog/47048_MAIN._AC_SL1500_V1551734565_.jpg"
56,5,"All Life Stages Lamb Meal & Rice","https://img.chewy.com/is/image/catalog/47057_MAIN._AC_SL1500_V1551734552_.jpg"
57,5,"All Life Stages Chicken Meal & Rice","https://img.chewy.com/is/image/catalog/47054_MAIN._AC_SL1500_V1551734238_.jpg"
58,5,"Pure Sky","https://images-na.ssl-images-amazon.com/images/I/71xPzFn-6wL._AC_SX466_.jpg"
59,5,"Pure Sea","https://images-na.ssl-images-amazon.com/images/I/711VN03NERL._AC_SX466_.jpg"
60,5,"Pure Ridge","https://images-na.ssl-images-amazon.com/images/I/81B4x5i0Q9L._AC_SX522_.jpg"
61,5,"Pure Land","https://images-na.ssl-images-amazon.com/images/I/81-Hz0Y7XwL._AC_SX425_.jpg"
62,5,"Pure Elements","https://images-na.ssl-images-amazon.com/images/I/71cjyfFb47L._AC_SX466_.jpg"
63,5,"Pure Ancestral Fish","https://images-na.ssl-images-amazon.com/images/I/817IfDt8-JL._AC_SL1500_.jpg"
64,12,"Classic Adult","https://www.petflow.com/images/default/products/large/29149-1575905313.jpg"
65,12,"Adult Gold","https://longdogfatcat.com/wp-content/uploads/gold-dog-dry-33-adult-072705115204.jpg"
66,12,"Heartland Gold","https://feedbagpetsupply.com/wp-content/uploads/fromm-dog-heartland-gold-adult.jpg"
67,12,"Ancient Gold","https://www.petflow.com/images/default/products/maximal/45232-1608056390.jpg"
68,12,"Chicken A La Veg","https://www.petflow.com/images/default/products/large/14890-1575908573.jpg"
69,12,"Chicken Au Frommage","https://www.petflow.com/images/default/products/large/40711-1575588447.jpg"
70,12,"Game Bird Recipe","https://www.petflow.com/images/default/products/large/31753-1575904647.jpg"
71,12,"Hasen Duckenpfeffer","https://cdn.shopify.com/s/files/1/0035/7338/3238/products/Fromm_Four_Star_Grain_Free_Hasen_Duckenpfeffer_Dry_Dog_Food_4lb_ed120a0e-7a2e-41d5-9828-4b088254884f_1000x.jpg?v=1588771981"
72,12,"Highlander Beef","https://cdn.shopify.com/s/files/1/1811/2867/products/11490_620x.png?v=1582052640"
73,12,"Lamb & Lentil","https://www.petflow.com/images/default/products/maximal/35522-1575657023.jpg"
74,12,"Pork & Applesauce","https://www.petflow.com/images/default/products/large/14899-1575906278.jpg"
75,12,"Pork & Peas","https://www.petflow.com/images/default/products/large/33594-1575660738.jpg"
76,12,"Salmon A La Veg","https://www.petflow.com/images/default/products/large/14898-1575906905.jpg"
77,12,"Surf & Turf","https://www.petflow.com/images/default/products/large/14901-1575905896.jpg"
78,12,"Whitefish & Potato","https://www.petflow.com/images/default/products/maximal/14897-1556038454.jpg"
94,38,"Ancient Mountain","https://cdn.etailpet.com/media/public/products/image_80338.jpg"
95,38,"Ancient Prairie","https://img.chewy.com/is/image/catalog/191335_MAIN._AC_SL1500_V1590166564_.jpg"
96,38,"Ancient Stream","https://cdn.etailpet.com/media/public/products/image_80330.jpg"
97,38,"Ancient Wetlands","https://cdn.etailpet.com/media/public/products/image_80335.jpg"
98,38,"PREY Angus Beef Recipe","https://cdn11.bigcommerce.com/s-vmvni2zq0j/images/stencil/1280x1280/products/49852/66685/image__64390.1516934165.jpg?c=2"
99,38,"Appalachian Valley Small Breed","https://img.chewy.com/is/image/catalog/91467_MAIN._AC_SL1500_V1601942757_.jpg"
100,38,"High Prairie","https://img.chewy.com/is/image/catalog/49064_MAIN._AC_SL1500_V1601335570_.jpg"
101,38,"Pacific Stream","https://img.chewy.com/is/image/catalog/49067_MAIN._AC_SL1500_V1601328966_.jpg"
102,38,"Pine Forest","https://cdn.shopify.com/s/files/1/2977/2416/products/taste-of-the-wild-pine-forest-canine-formula_1200x1200.jpg?v=1609950575"
103,38,"Sierra Mountain","https://img.chewy.com/is/image/catalog/154552_MAIN._AC_SL1500_V1601329284_.jpg"
104,38,"Southwest Canyon","https://img.chewy.com/is/image/catalog/55840_MAIN._AC_SL1500_V1601941255_.jpg"
105,38,"PREY Trout Recipe","https://cdn.shopify.com/s/files/1/0150/3032/1238/products/Untitled-1_4f769f82-43e6-4d28-bc0e-653e783bd45b_1200x1200.png?v=1562339694"
106,38,"PREY Turkey Recipe","https://img.chewy.com/is/image/catalog/229942_MAIN._AC_SL1500_V1602522994_.jpg"
107,38,"Wetlands","https://img.chewy.com/is/image/catalog/49070_MAIN._AC_SL1500_V1601936161_.jpg"
108,6,"Grain Free Beef & Legumes Recipe","https://img.chewy.com/is/image/catalog/244604_MAIN._AC_SL1500_V1596118857_.jpg"
109,6,"Grain Free Lamb & Pea Recipe","https://img.chewy.com/is/image/catalog/244602_MAIN._AC_SL1500_V1596119465_.jpg"
110,6,"Grain Free Salmon Sweet Potato & Pea Recipe","https://img.chewy.com/is/image/catalog/244598_MAIN._AC_SL1500_V1596119164_.jpg"
111,6,"Grain Free Chicken, Pea & Sweet Potato Recipe","https://img.chewy.com/is/image/catalog/244595_MAIN._AC_SL1500_V1596118853_.jpg"
112,12,"Beef Frittata Veg","https://cdn.shopify.com/s/files/1/1147/6074/products/image_3aab91e6-39da-41ed-9024-a488a01582a4.jpg?v=1485851127"
113,12,"Duck A La Veg","https://images-na.ssl-images-amazon.com/images/I/81at-4HoqoL._AC_SL1500_.jpg"
114,12,"Zealambder","https://cdn.shopify.com/s/files/1/2723/4094/products/fromm-zealambder-dog-food-15lb-four-muddy-paws_large.jpg?v=1585446172"
115,12,"Salmon Tunalini","https://cdn.shopify.com/s/files/1/0035/7338/3238/products/Fromm_Four_Star_Grain_Free_Salmon_Tunalini_Dry_Dog_Food_12lb_44f4f65d-af2a-4233-9c12-d88d3693103d_952x.jpg?v=1588771797"
116,12,"Rancherosa","https://cdn.shopify.com/s/files/1/1229/6488/products/four-star-dog-dry-12-rancherosa-072705114825_grande.jpg?v=1556200224"
118,29,"Original","https://images-na.ssl-images-amazon.com/images/I/71l3eiyartL._AC_SL1500_.jpg"
122,29,"Fit and Trim","https://images-na.ssl-images-amazon.com/images/I/71EkNN1SGyL._AC_SL1500_.jpg"
120,29,"Regional Red","https://images-na.ssl-images-amazon.com/images/I/71KWUHWaEkL._AC_SY879_.jpg"
119,29,"Six Fish","https://images-na.ssl-images-amazon.com/images/I/719AA6JDsZL._AC_SL1500_.jpg"
123,29,"Senior","https://images-na.ssl-images-amazon.com/images/I/71FxkDzUkgL._AC_SL1500_.jpg"
121,29,"Tundra","https://images-na.ssl-images-amazon.com/images/I/719V9vhviSL._AC_SL1500_.jpg"
124,6,"Classic Adult","https://images-na.ssl-images-amazon.com/images/I/71HfsJW07JL._AC_SX425_.jpg"
125,26,"Adult Chicken & Rice","https://images-na.ssl-images-amazon.com/images/I/6151kLFW5FL._AC_SY606_.jpg"
126,26,"Beef & Rice","https://images-na.ssl-images-amazon.com/images/I/611z3ddMStL._AC_SY606_.jpg"
127,26,"Lamb Meal & Rice","https://www.petflow.com/images/default/products/large/31766-1593189730.jpg"
128,26,"Trout & Rice","https://images-na.ssl-images-amazon.com/images/I/41qQe8XqyfL._AC_.jpg"
129,26,"Turkey & Rice","https://images-na.ssl-images-amazon.com/images/I/61w4Csoj%2BgL._AC_SY606_.jpg"
130,26,"Super Performance","https://www.petflow.com/images/default/products/maximal/31767-1604593516.jpeg"
131,26,"Performance","https://nutrisourcepetfoods.com/wp-content/uploads/2020/02/NS_Performance.png"
132,26,"Chicken & Peas Recipe","https://www.petflow.com/images/default/products/maximal/31774-1604591137.jpeg"
133,26,"Lamb Meal & Pea Recipe","https://www.petflow.com/images/default/products/large/31775-1593190809.jpg"
134,26,"Heartland Select Recipe","https://images-na.ssl-images-amazon.com/images/I/61lPpczoXWL._AC_SL1068_.jpg"
135,26,"High Plains Select","https://nutrisourcepetfoods.com/wp-content/uploads/2020/02/NSGF_HighPlainsSelect.png"
136,26,"Prairie Select Recipe","https://www.petflow.com/images/default/products/maximal/40495-1593191610.jpg"
137,26,"Woodlands Select Recipe","https://nutrisourcepetfoods.com/wp-content/uploads/2020/02/NSGF_WoodlandsSelect.png"
138,26,"Seafood Select Recipe","https://www.petflow.com/images/default/products/large/31779-1586897518.jpeg"
139,26,"Choice Chicken Meal & Barley Recipe","https://cdn.shopify.com/s/files/1/2382/0223/products/44128-1587066113_758x1000.jpg?v=1588885535"
140,26,"Choice Turkey Meal & Barley Recipe","https://cdn.etailpet.com/media/public/products/image_109487.jpeg"
141,26,"Choice Whitefish Meal & Rice Recipe","https://cdn.shoplightspeed.com/shops/633402/files/18206670/1500x4000x3/nutrisource-nutrisource-choice-whitefish-meal-rice.jpg"
142,31,"Chicken & Brown Rice Entree","https://leashesandleads.com/wp-content/uploads/2020/05/NSPV_ChickenBrownRice-scaled.jpg"
143,31,"Duck & Oatmeal Entree","https://nutrisourcepetfoods.com/wp-content/uploads/2020/02/NSPV_DuckOatmeal.png"
144,31,"Salmon & Potato Entree","https://nutrisourcepetfoods.com/wp-content/uploads/2020/02/NSPV_SalmonPotato.png"
145,31,"Beef & Red Lentils Entree","https://cdn11.bigcommerce.com/s-nu7v662ya9/images/stencil/original/products/905/1639/apivjfzgz__38976.1607987287.jpg"
146,31,"Duck & Green Lentils Entree","https://nutrisourcepetfoods.com/wp-content/uploads/2020/03/NSPV_GF_DuckGreenLentils.png"
147,31,"Kangaroo & Grene Lentils Entree","https://nutrisourcepetfoods.com/wp-content/uploads/2020/03/NSPV_GF_KangarooGreenLentils.png"
148,31,"Pork & Peas Entree","https://nutrisourcepetfoods.com/wp-content/uploads/2020/03/NSPV_GF_PorkPeas.png"
149,31,"Turkey & Sweet Potato Entree","https://nutrisourcepetfoods.com/wp-content/uploads/2020/03/NSPV_GF_TurkeySweetPotato.png"
150,31,"Salmon & Peas Entree","https://cdn11.bigcommerce.com/s-iakwzr7rs7/images/stencil/1280x1280/products/1086/7418/1790_17700_FR__22549.1594418798.jpg?c=2"
151,31,"Venison & Red Lentils Entree","https://cdn11.bigcommerce.com/s-iakwzr7rs7/images/stencil/1280x1280/products/1089/7419/1790_31749023_FR__06242.1594419312.jpg?c=2"
152,43,"Catfish Formula","https://images-na.ssl-images-amazon.com/images/I/71hLTpu2mNL._AC_SY550_.jpg"
153,43,"Duck Formula","https://cdn.etailpet.com/media/public/products/image_517_IYrdGxk.jpg"
154,43,"Goat Formula","https://img.chewy.com/is/image/catalog/140668_MAIN._AC_SL1500_V1582064613_.jpg"
155,43,"Guinea Fowl Formula","https://img.chewy.com/is/image/catalog/140672_MAIN._AC_SL1500_V1582064894_.jpg"
156,43,"Kangaroo Formula","https://img.chewy.com/is/image/catalog/90370_MAIN._AC_SL1500_V1582063688_.jpg"
157,43,"Lamb Formula","https://img.chewy.com/is/image/catalog/51582_MAIN._AC_SL1500_V1582062827_.jpg"
158,43,"Pork Formula","https://img.chewy.com/is/image/catalog/114112_MAIN._AC_SL1500_V1582064329_.jpg"
159,43,"Salmon Formula","https://img.chewy.com/is/image/catalog/104915_MAIN._AC_SL1500_V1582063991_.jpg"
160,43,"Trout & Salmon Formula","https://images-na.ssl-images-amazon.com/images/I/81b-CpaKSWL._AC_SL1500_.jpg"
161,43,"Venison Formula","https://img.chewy.com/is/image/catalog/100556_MAIN._AC_SL1500_V1582064014_.jpg"
162,43,"Turkey Formula","https://img.chewy.com/is/image/catalog/51584_MAIN._AC_SL1500_V1582063074_.jpg"
163,43,"Whitefish Formula","https://img.chewy.com/is/image/catalog/90374_MAIN._AC_SL1500_V1582063719_.jpg"
164,43,"Zssential Formula","https://img.chewy.com/is/image/catalog/74702_MAIN._AC_SL1500_V1582063417_.jpg"
165,43,"Select Cuts Turkey Formula","https://img.chewy.com/is/image/catalog/226662_main._AC_SL1500_V1584465059_.jpg"
166,43,"Select Cuts Lamb Formula","https://img.chewy.com/is/image/catalog/226665_main._AC_SL1500_V1584465082_.jpg"
167,43,"Select Cuts Trout & Salmon Formula","https://img.chewy.com/is/image/catalog/226669_main._AC_SL1500_V1584465057_.jpg"
168,7,"Naturals Adult Chicken & Rice Formula","https://images-na.ssl-images-amazon.com/images/I/71kld67G6SL._AC_SL1500_.jpg"
169,7,"Naturals Adult Lamb & Rice Formula","https://www.diamondpet.com/wp-content/uploads/2019/02/DNlambrice_rev.png"
170,7,"Naturals Adult Beef & Rice Formula","https://www.diamondpet.com/wp-content/uploads/2019/02/DNbeefmealrice_rev.png"
171,7,"Naturals Extreme Althlete","https://www.diamondpet.com/wp-content/uploads/2019/02/DNextrmeathlete_rev.png"
172,7,"Premium Adult Formula","https://www.diamondpet.com/wp-content/uploads/2019/02/diamond-premium-bag-front-030521.png"
173,7,"Adult Maintenance Formula","https://images-na.ssl-images-amazon.com/images/I/81b1SpmUg8L._AC_SX522_.jpg"
174,7,"Naturals Grain Free Chicken & Sweet Potato","https://img.chewy.com/is/image/catalog/62158_MAIN._AC_SL400_V1612372096_.jpg"
175,7,"Naturals Grain Free Beef & Sweet Potato","https://img.chewy.com/is/image/catalog/62155_MAIN._AC_SL1500_V1614011195_.jpg"
176,7,"Adult Performance Formula","https://www.diamondpet.com/wp-content/uploads/2019/02/DIAperformance_rev.png"
177,7,"Hi Energy Sporting Formula","https://media.tractorsupply.com/is/image/TractorSupplyCompany/5025615?$456$"
178,7,"Naturals Grain Free Whitefish & Sweet Potato","https://media.tractorsupply.com/is/image/TractorSupplyCompany/1102911?$456$"
179,8,"Lamb Meal & Brown Rice","https://img.chewy.com/is/image/catalog/76715_MAIN._AC_SL1500_V1607378230_.jpg"
180,8,"Pork Meal & Chicken Meal","https://img.chewy.com/is/image/catalog/76707_MAIN._AC_SL1500_V1607378238_.jpg"
181,8,"Power Adult","https://images-na.ssl-images-amazon.com/images/I/91CyXtTBDeL._AC_SX425_.jpg"
