"id","description","allergy_id"
33,"Burdock Root",1
10,"Chicken Fat",2
1,"Chicken Meal",2
30,"Chicory Root",1
42,"Cold-Pressed Canola Oil",1
17,"Dried Brown Kelp",1
26,"Freeze-Dried Chicken Liver",2
61,"Freeze-Dried Herring",3
24,"Fresh Apples",1
29,"Fresh Blueberries",1
19,"Fresh Butternut Squash",1
9,"Fresh Cage-Free Eggs",15
23,"Fresh Carrots",1
4,"Fresh Chicken Giblets (Liver Heart Kidney)",2
3,"Fresh Chicken Meat",2
28,"Fresh Cranberries",1
21,"Fresh Green Kale",1
20,"Fresh Parsnips",1
25,"Fresh Pears",1
18,"Fresh Pumpkin",1
22,"Fresh Spinach",1
8,"Fresh Turkey Meat",1
40,"Fresh Whole Flounder",3
39,"Fresh Whole Pacific Herring",3
43,"Fresh Whole Silver Hake",3
37,"Herring Meal",3
14,"Herring Oil",1
34,"Lavender",1
16,"Lentil Fibre",11
35,"Marshmallow Root",1
32,"Milk Thistle",1
36,"Rosehips",1
27,"Salt",1
15,"Sun-Cured Alfalfa",1
31,"Turmeric Root",1
7,"Whole Green Lentils",11
6,"Whole Green Peas",13
2,"Steel-Cut Oats",12
13,"Whole Oats",12
12,"Whole Yellow Peas",13
5,"Whole Red Lentils",11
11,"Whole Garbanzo Beans",1
480,"Beef Fat",17
158,"Beef Kidney",17
157,"Beef Liver",17
474,"Beef Meat Meal",17
403,"Cold-Pressed Sunflower Oil",1
386,"Copper",1
147,"Dehydrated Beef Meat",17
110,"Dehydrated Chicken Meat",2
151,"Dehydrated Pork Meat",4
114,"Dehydrated Turkey Meat",5
492,"Dried Beef Cartilage",17
360,"Dried Chicken Cartilage",2
163,"Dried Kelp",1
448,"Dried Lamb Cartilage",8
518,"Duck Meat Meal",7
154,"Farm-Raised Pork",4
190,"Field Beans",1
131,"Freeze-Dried Chicken And Turkey Liver",2
416,"Freeze-Dried Cod Liver",3
506,"Freeze-Dried Lamb Liver",8
372,"Freeze-Dried Liver (Chicken And Turkey)",2
461,"Freeze-Dried Liver (Lamb And Duck) ",8
507,"Freeze-Dried Pork Liver",4
214,"Freeze-Dried Turkey Liver",5
489,"Fresh Beef Kidney",17
81,"Fresh Beef Liver",17
89,"Fresh Beef Tripe",17
132,"Fresh Beet Greens",1
483,"Fresh Bison",18
201,"Fresh Chicken Cartilage",2
427,"Fresh Duck",7
388,"Fresh Whole Pacific Pilchard",3
117,"Fresh Eggs",15
133,"Fresh Kale",1
208,"Fresh Mustard Greens",1
84,"Fresh Pork Liver",4
73,"Fresh Ranch-Raised Beef",17
351,"Fresh Trout",3
353,"Fresh Turkey Giblets (Liver Heart Kidney)",5
135,"Fresh Turnip Greens",1
389,"Fresh Whole Arrowtooth Flounder",3
137,"Fresh Whole Blueberries",1
126,"Fresh Whole Butternut Squash",1
210,"Fresh Whole Carrots",1
136,"Fresh Whole Cranberries",1
205,"Fresh Whole Parsnips",1
125,"Fresh Whole Pumpkin",1
399,"Fresh Whole Redstripe Rockfish",3
138,"Fresh Whole Saskatoon Berries",1
435,"Fresh Wild-Caught Northern Pike",3
350,"Fresh Wild-Caught Walleye",3
484,"Fresh Wild-Caught Walleye ",3
74,"Fresh Yorkshire Pork",4
130,"Fresh Zucchini",1
194,"Green Lentils",11
120,"Ground Miscanthus Grass",1
192,"Herring Meal ",3
75,"Lamb Fat",8
71,"Lamb Meat Meal",8
404,"Lentil Fiber",11
111,"Oat Groats",12
391,"Pacific Cod Meal",3
308,"Pea Fiber",13
200,"Pea Fibre",13
160,"Pollock Oil",1
121,"Pollock Oil ",1
152,"Pork Fat",4
155,"Pork Liver",4
156,"Pork Kidney",4
82,"Pork Meat Meal",4
79,"Raw Grass-Fed Lamb",8
436,"Raw Lamb Liver",8
449,"Raw Lamb Tripe",8
146,"Raw Ranch-Raised Beef",17
123,"Raw Turkey Liver",5
118,"Raw Turkey Meat",5
188,"Red Lentils",11
383,"Tocopherol-Rich Extract Of Natural Origin",1
187,"Turkey Meal",5
218,"Turmeric",1
384,"Vitamin E",1
390,"Whole Herring Meal",3
345,"Whole Herring Meal ",3
392,"Whole Whiting Meal",3
385,"Zinc",1
113,"Whole Millet",12
355,"Whole Pinto Beans",1
112,"Whole Sorghum",12
697,"Ascorbic Acid",1
161,"Beef Cartilage",17
744,"Beta-Carotene",1
702,"Bha (A Preservative)",1
692,"Biotin",1
680,"Brewers Dried Yeast",1
681,"Cane Molasses",1
676,"Chicken",2
678,"Chicken By-Product Meal",2
675,"Chicken By-Products (Organs Only)",2
122,"Chicken Cartilage",2
693,"Choline Chloride",1
706,"Cobalt Carbonate",1
704,"Copper Sulfate",1
677,"Corn",9
711,"Corn Meal",9
699,"D-Calcium Pantothenate",1
602,"Dehydrated Duck Meat",7
651,"Dehydrated Lamb Meat",8
607,"Dehydrated Sweet Potatoes",14
685,"Dl-Methionine",1
679,"Dried Beet Pulp",1
527,"Dried Duck Cartilage",7
556,"Dried Pork Cartilage",4
611,"Duck Cartilage",7
522,"Duck Fat",7
682,"Egg Product",15
544,"Enterococcus Faecium",1
703,"Ferrous Sulfate",1
717,"Flaxseed",1
694,"Folic Acid",1
99,"Freeze-Dried Beef Liver",17
533,"Freeze-Dried Duck Liver",7
119,"Fresh Chicken Giblets (Heart Liver)",2
521,"Fresh Duck Giblets (Liver Heart Kidney)",7
551,"Fresh Pork Kidney",4
701,"Inositol",1
686,"L-Lysine",1
660,"Lamb Cartilage",8
569,"Lavender Flowers",1
700,"Manganous Oxide",1
529,"Marine Algae (Pure And Sustainable Source Of Dha And Epa)",1
691,"Niacin",1
713,"Oatmeal",12
636,"Pork Cartilage",4
742,"Potassium Iodide",1
707,"Potassium Iodine",1
696,"Pyridoxine Hydrochloride (Vitamin B6)",1
601,"Raw Duck",7
603,"Raw Duck Liver",7
583,"Raw Lamb Kidney",8
652,"Raw Lamb Organs (Liver Kidney Tripe)",8
628,"Raw Pork Liver",4
626,"Raw Yorkshire Pork",4
690,"Riboflavin Supplement",1
745,"Rosemary Extract",1
684,"Sodium Propionate (A Preservative)",1
720,"Sodium Propionate And Mixed Tocopherols (Preservatives)",1
708,"Sodium Selenite",1
695,"Thiamine Mononitrate",1
687,"Vitamin A Acetate",1
698,"Vitamin B12 Supplement",1
688,"Vitamin D3 Supplement",1
689,"Vitamin E Supplement",1
714,"Whitefish",3
605,"Whole Lentils",11
705,"Zinc Oxide",1
803,"Calcium Carbonate",1
811,"Calcium Iodate)",1
945,"Calcium Phosphate",1
795,"Chicken Fat (Preserved With Mixed Tocopherols)",2
794,"Coconut Flour",1
797,"Coconut Oil",1
808,"Copper Proteinate",1
947,"Dandelion Greens",1
800,"Dandelion Root",1
791,"Dehydrated Chicken",2
898,"Dehydrated Pork",4
838,"Dicalcium Phosphate",1
860,"Duck",7
864,"Duck Fat (Preserved With Mixed Tocopherols)",7
793,"Egg",15
975,"Goat Heart",20
976,"Goat Liver",20
978,"Goat Lung",20
977,"Goat Spleen",20
807,"Iron Proteinate",1
824,"Lamb",8
828,"Lamb Fat (Preserved With Mixed Tocopherols)",8
809,"Manganese Proteinate",1
934,"Millet",12
806,"Minerals (Zinc Proteinate",1
822,"Mixed Tocopherols (A Preservative)",1
796,"Natural Chicken Flavor",2
902,"Natural Pork Flavor",4
936,"Natural Turkey Flavor",5
831,"Natural Vegetable Flavor",1
799,"Salmon Oil",1
798,"Pumpkin",1
836,"Potassium Chloride",1
818,"Pyridoxine Hydrochloride",1
938,"Quail",21
899,"Pork Fat (Preserved With Mixed Tocopherols)",4
895,"Pork",4
813,"Niacin Supplement",1
801,"Raspberries",1
932,"Sorghum",12
935,"Quinoa",12
965,"Tocopherols (Preservative)",1
802,"Tricalcium Phosphate",1
931,"Turkey",5
816,"Vitamin A Supplement",1
821,"Vitamin D3 Supplement)",1
812,"Vitamins (Vitamin E Supplement",1
348,"Whole Chickpeas",1
1012,"Carrots",1
1018,"Garbanzo Beans",1
1010,"Lentils",11
1006,"Mackerel",3
1007,"Pacific Whiting Meal",3
1014,"Pollock",3
1020,"Pollock Meal",3
1008,"Salmon Meal",3
1005,"Salmon",3
1032,"Manganese Sulfate",1
1009,"Menhaden Fish Meal",3
1023,"Minerals (Iron Proteinate",1
1011,"Tapioca",1
1016,"Tuna",3
1013,"Whitefish Meal",3
1024,"Zinc Proteinate",1
1019,"Suncured Alfalfa",1
1106,"Bacillus Subtilis",1
1437,"Apples",1
1056,"Basil",1
1081,"Beta Carotene",1
1334,"Bifidobacterium Longum",1
1333,"Bifidobacterium Thermophilum",1
1088,"Biotin (Vitamin B7)",1
1304,"Black Malted Barley",12
1072,"Barley Grass",12
1545,"Barley",12
1439,"Blackberries",1
1070,"Blueberries",1
1338,"Brown Rice",12
1091,"Calcium Ascorbate (Source Of Vitamin C)",1
1100,"Calcium Iodate",1
1040,"Calcium Pantothenate",1
1151,"Calcium Pantothenate (Vitamin B5)",1
1017,"Canola Oil",1
1114,"Canola Oil (Source Of Omega 6 Fatty Acids)",1
1102,"Caramel",1
1492,"Caramel Color",1
1175,"Chicken Fat (Preserved With Mixed Tocopherols And Citric Acid)",2
1062,"Chicken Fat (Preserved With Natural Mixed Tocopherols And Citric Acid)",2
1400,"Chicken Meal (Source Of Glucosamine)",2
1327,"Cobalt Proteinate (Source Of Chelated Cobalt)",1
1097,"Copper Amino Acid Chelate",1
1324,"Copper Amino Acid Complex (Source Of Chelated Copper)",1
1484,"Crab Meal",22
1071,"Cranberries",1
1086,"D-Calcium Pantothenate (Vitamin B5)",1
1399,"Deboned Beef",17
1410,"Deboned Bison",18
1057,"Deboned Chicken",2
1170,"Deboned Duck",7
1482,"Deboned Halibut",3
1274,"Deboned Lamb",8
1108,"Deboned Salmon",3
1412,"Deboned Venison",6
1470,"Deboned Wild Salmon (Source Of Dha- Docosahexaenoic Acid And Ara-Arachidonic Acid)",3
1067,"Alfalfa Meal",1
1485,"Dehydrated Alfalfa Meal",1
1165,"Dried Aspergillus Niger Fermentation Extract",1
1167,"Dried Bacillus Subtilis Fermentation Extract",1
1220,"Dried Bacillus Subtilis Fermentation Product",1
1126,"Dried Chicory Root",1
1478,"Dried Egg",15
1051,"Dried Enterococcus Faecium Fermentation Product",1
1052,"Dried Lactobacillus Acidophilus Fermentation Product",1
1053,"Dried Lactobacillus Casei Fermentation Product",1
1054,"Dried Lactobacillus Plantarum Fermentation Product",1
1073,"Dried Parsley",1
1552,"Dried Tomato Pomace",1
1477,"Dried Tomato Pomace (Source Of Lycopene)",1
1162,"Dried Yeast",1
1218,"Dried Yeast (Source Of Saccharomyces Cerevisiae)",1
1280,"Fish Meal",3
1120,"Fish Oil (Source Of Omega 3 Fatty Acids)",1
1089,"Folic Acid (Vitamin B9)",1
1045,"Folic Acid)",1
1301,"Garlic",1
1297,"Glucosamine Hydrochloride",1
1299,"Green Tea Extract",1
1302,"Herring Oil (Natural Source Of Omega 3 Fatty Acids)",1
1094,"Iron Amino Acid Chelate",1
1323,"Iron Amino Acid Complex (Source Of Chelated Iron)",1
1134,"Kelp",1
1293,"Kelp Meal",1
1132,"L-Ascorbyl-2-Polyphosphate (Source Of Vitamin C)",1
1077,"L-Carnitine",1
1105,"Lactobacillus Acidophilus",1
1275,"Lamb Meal",8
1117,"Natural Flavor",1
1131,"Mixed Tocopherols (A Natural Preservative)",1
1493,"Mixed Tocopherols",1
1085,"Niacin (Vitamin B3)",1
1149,"Nicotinic Acid (Vitamin B3)",1
1080,"Oil Of Rosemary",1
1049,"Parsley",1
1115,"Pea Protein",13
1061,"Peas",13
1440,"Pomegranate",1
1059,"Potato Starch",14
1043,"Riboflavin",1
1566,"Preserved With Mixed Tocopherols",1
1063,"Potatoes",14
1340,"Salmon Meal (Source Of Glucosamine)",3
1096,"Manganese Amino Acid Chelate",1
1543,"Menhaden Fish Meal (Source Of Omega 3 Fatty Acids And Glucosamine)",3
1471,"Menhaden Fish Meal (Source Of Omega 3 Fatty Acids)",3
1326,"Potassium Amino Acid Complex (Source Of Chelated Potassium)",1
1104,"Saccharomyces Cerevisiae",1
1050,"Sage",1
1075,"Taurine",1
1423,"Sweet Potatoes",14
1064,"Tomato Pomace (Natural Source Of Lycopene)",1
1177,"Tomato Pomace (Source Of Lycopene)",1
1083,"Thiamine Mononitrate (Vitamin B1)",1
1109,"Tapioca Starch",1
1307,"Vitamin C",1
1068,"Whole Carrots",1
1276,"Whole Ground Barley",12
1277,"Whole Ground Brown Rice",12
1069,"Whole Sweet Potatoes",14
1281,"Whole Potatoes",14
1095,"Zinc Amino Acid Chelate",1
1322,"Zinc Amino Acid Complex (Source Of Chelated Zinc)",1
1138,"Yucca Schidigera Extract",1
1076,"Yucca Shidigera Extract",1
1283,"Sunflower Oil (Natural Source Of Omega 6 Fatty Acids)",1
1048,"Squash",1
1438,"Spinach",1
1033,"Sodium Selenite)",1
1112,"Salmon Meal (Source Of Omega 3 Fatty Acids)",3
1127,"Flaxseed (Source Of Omega 3 And 6 Fatty Acids)",1
1480,"Flaxseed (Source Of Omega 6 Fatty Acids)",1
1279,"Rye",12
1055,"Dried Trichoderma Longibrachiatum Fermentation Extract",1
1022,"Freeze-Dried Salmon",3
1084,"Riboflavin (Vitamin B2)",1
1325,"Manganese Amino Acid Complex (Source Of Chelated Manganese)",1
1027,"Zinc Sulfate",1
1066,"Flaxseed (Natural Source Of Omega 3 And 6 Fatty Acids)",1
2112,"Canola Oil (Preserved With Mixed Tocopherols",1
2106,"Deboned Turkey",5
1926,"Duck Meal",7
1954,"Iron Sulfate",1
1701,"L-Ascorbyl-2-Polyphosphate (A Source Of Vitamin C)",1
1802,"Menhaden Fish Meal (Natural Source Of Omega 3 Fatty Acids)",1
1852,"Rabbit",19
2296,"Basil.",1
2253,"Bison",18
2159,"Buffalo Meal",18
2238,"Butternut Squash",1
2443,"Chickpeas",1
2236,"Cinnamon",1
2486,"Cracked Pearled Barley",12
2258,"Dried Pork",4
2262,"Freeze-Dried Lamb",8
2311,"Freeze-Dried Pheasant",24
2244,"Goat",20
2245,"Goat Meal",20
2234,"Green Beans",1
2198,"Green Peas",13
2299,"Guinea Fowl Meal",25
2492,"Oceanfish Meal",3
2497,"Lecithin",1
2496,"Inulin (From Chicory Root)",1
2533,"Papaya",1
2534,"Pineapple",1
2247,"Pork Meal",4
2482,"Rice Bran",12
2237,"Rosemary",1
2498,"Sage Extract",1
2502,"Sunflower Oil",1
2489,"Tomato Pomace",1
2241,"Tomatoes",1
2260,"Venison",6
2164,"Venison Meal",6
2481,"White Rice",12
2254,"Wild Boar",4
2246,"Wild Boar Meal",4
2240,"Zucchini",1
2200,"Yellow Peas",13
2901,"Beet Pulp",1
2912,"Calcium Sulfate",1
2904,"Cheese",26
2907,"Chicken Liver",2
2914,"Chicory Root Extract",1
2903,"Dried Egg Product",15
2918,"L-Tryptophan",1
2911,"Minerals",1
2910,"Vitamins",1
2913,"Sorbic Acid (Preservative)",1
2920,"Probiotics",1
2897,"Pearled Barley",12
2959,"Beef",17
3050,"Broccoli",1
3003,"Buckwheat",12
2944,"Celery",1
2923,"Chicken Broth",2
2956,"DL-Methionine",1
2969,"Dried Whole Egg",15
2977,"Lettuce",1
2947,"Monocalcium Phosphate",1
3053,"Monosodium Phosphate",1
3088,"Olive Oil",1
2972,"Pea Flour",13
3080,"Pears",1
3119,"Pheasant",24
2960,"Pork Meat And Bone Meal",4
3027,"Probiotics.",1
3156,"Rabbit Meal",19
3101,"Turkey Broth",5
3162,"Alfalfa Sprouts",1
3106,"Turkey Liver",5
2934,"Whole Barley",12
2993,"Whole Grain Sorghum",12
3004,"Spelt",12
3114,"Goose",27
3177,"Beef Broth",17
3229,"Cauliflower",1
3478,"Chia Seed",1
3434,"Coconut Oil (Preserved With Mixed Tocopherols)",1
3433,"Field Peas",13
3313,"Fish Broth",3
3431,"Garbanzo Beans (Chickpeas)",1
3179,"Haddock",3
3428,"Humanely Raised Chicken",2
3427,"Humanely Raised Turkey",5
3222,"Lamb Liver",8
3293,"Mango",1
3291,"Melon",1
3439,"Natural Flavour",1
3467,"Oats",12
3435,"Ocean Caught Menhaden Fish Meal",3
3429,"Ocean Caught Whitefish Meal",3
3468,"Ocean Whitefish Meal",3
3278,"Pork Broth",4
3430,"Russet Potatoes",14
3441,"Sun Cured Alfalfa",1
3436,"Tomato",1
2113,"A Source Of Vitamin E)",
4003,"Canola Oil (Preserved With Mixed Tocopherols)",1
4027,"Dried Bifidobacterium Animalis Fermentation Product",1
3999,"Grain Sorghum",12
4110,"Ocean Fish Meal",3
4368,"Potato Fiber",14
4320,"Potato Protein",14
4059,"Roasted Bison",18
4173,"Roasted Duck",7
4006,"Roasted Lamb",8
4172,"Roasted Quail",21
4060,"Roasted Venison",6
4009,"Salmon Oil (A Source Of Dha)",1
4224,"Salmon Oil (Source Of Dha)",1
4117,"Smoked Salmon",3
4174,"Smoked Turkey",5
4559,"Sunflower Oil (Preserved With Mixed Tocopherols)",1
4556,"Trout",3
4305,"Vitamin D Supplement",1
4051,"Water Buffalo",18
5157,"Acadian Redfish",3
5101,"Althea Root",1
5204,"Beef Heart",17
5208,"Beef Meal",17
5201,"Beef Tripe",17
5162,"Blue Whiting Meal",3
5085,"Chicken Cartilatge",2
5067,"Chicken Heart",2
5076,"Chicken Kidney",2
5075,"Chicken Necks",2
4709,"Citric Acid (Preservative)",1
5315,"Cod Liver",3
5166,"Cod Meal",3
5089,"Collard Greens",1
5197,"Deboned Goat",20
5206,"Deboned Pork",4
5196,"Deboned Wild Boar",4
5341,"Dehydrated Butternut Squash",1
5340,"Dehydrated Carrot",1
5070,"Dehydrated Chicken Liver",2
5323,"Dehydrated Egg",15
5382,"Dehydrated Mackerel",3
5324,"Dehydrated Sardine",3
5326,"Dehydrated Turkey",5
5332,"Dried Pumpkin",1
5257,"Duck Liver",7
5063,"Eggs",15
4691,"Faba Beans",1
5062,"Flounder",3
5239,"Freeze-Dried Beef Tripe",17
5293,"Freeze-Dried Goat Liver",20
5241,"Freeze-Dried Lamb Tripe",8
5294,"Freeze-Dried Venison Liver",6
5280,"Goat Cartilage",20
5282,"Goat Tripe",20
4981,"Green-Lipped Mussels",1
5084,"Ground Chicken Bone",2
5337,"Ground Chicken Bone And Cartilage",2
4695,"Ground Flaxseed",1
5342,"Ground Turkey Bone And Cartilage",5
5103,"Juniper Berries",1
5350,"Kale",1
4973,"Kiwifruit",1
5352,"Mustard Greens",1
5227,"Lamb Tripe",8
5160,"Mackerel Meal",3
4708,"Mixed Tocopherols (Preservative)",1
5156,"Monkfish",3
5173,"Natural Fish Flavor",3
4995,"Pinto Beans",1
5358,"Pumpkin Seeds",1
5168,"Safflower Oil",1
4699,"Salmon Oil (Preserved With Mixed Tocopherols)",1
5004,"Sardine Meal",3
5303,"Sarsaparilla",1
5100,"Sarsaparilla Root",1
4753,"Sodium Tripolyphosphate",1
5255,"Steelhead Trout",3
5359,"Sunflower Seeds",1
5416,"SunﬂOwer Seeds",1
5086,"Turkey Cartilage",5
5068,"Turkey Heart",5
5354,"Turnip Greens",1
5286,"Venison Heart",6
5285,"Venison Liver",6
5091,"Whole Apples",1
5253,"Whole Arctic Char",3
5069,"Whole Atlantic Herring",3
5154,"Whole Atlantic Mackeral",3
5064,"Whole Atlantic Mackerel",3
5357,"Whole Bartlett Pears",1
5344,"Whole Butternut Squash",1
5383,"Whole Dehydrated Chicken Liver",2
5071,"Whole Dehydrated Egg",15
5078,"Whole Navy Beans",1
5414,"Whole Pears",1
5259,"Whole Pilchard",3
5088,"Whole Pumpkin",1
5356,"Whole Red Delicious Apples",1
5159,"Whole Silver Hake",3
5229,"Wild Boar Cartilage",4
5228,"Wild Boar Heart",4
5284,"Wild Boar Kidney",4
5202,"Wild Boar Liver",4
5203,"Deboned Mutton",8
5258,"Mutton",8
5260,"Mutton Liver",8
5283,"Mutton Tripe",8
5216,"Mutton Meal",8
5316,"Cage-Free Eggs",
5841,"Chondroitin Sulfate",
5504,"Cobalt Proteinate",
5498,"Dl Methionine",
5527,"Dried Aspergillus Oryzae Fermentation Extract",
5493,"Dried Plain Beet Pulp",
5494,"Flax Seed",
5764,"Flax Seeds",
5517,"Lactic Acid",
5491,"Menhaden Fish Meal (A Source Of Fish Oil)",
5492,"Natural Turkey And Chicken Flavor",
5582,"Natural Turkey And Chicken Flavors",
5628,"Natural Turkey And Fish Flavor",
5459,"Parsley Flakes",
5808,"Pea Starch",
5812,"Salmon Meal (A Source Of Fish Oil)",
5505,"Selenium Yeast)",
5585,"Sunflower Meal",
5516,"Vitamin B12 Supplement)",
5506,"Vitamins (Vitamin A Acetate",
5432,"Whole Grain Brown Rice",
5524,"Yeast Culture",
6405,"Apricots",
6404,"Cherries",
6567,"Chia Seeds",
5489,"Chicken Fat (Preserved With Tocopherols And Citric Acid)",
6208,"Cobalt Proteinate)",
6653,"Dried Apples",
6289,"Dried Apricots",
6454,"Dried Beef Liver",
6184,"Dried Blueberries",
6183,"Dried Carrots",
6288,"Dried Cherries",
6185,"Dried Cranberries",
6339,"Duck Flavor",
6559,"Kangaroo",
6560,"Kangaroo Meal",
6016,"Natural Flavors",
6397,"Natural Salmon Flavor",
6316,"Pomegranate Extract",
6391,"Potato",
6263,"Preserved With Citric Acid",
6262,"Preserved With Tocopherols",
5990,"Preserved With Tocopherols And Citric Acid",
6531,"Pumpkin Powder",
6292,"Salmon Oil (Preserved With Tocopherols)",
6676,"Sweet Potato",
6678,"Turkey Fat (Preserved With Tocopherols And Citric Acid)",
6514,"Yeast Extract",
6980,"Acetate",
7841,"Anchovy And Sardine Meal",
7866,"Calcium Iodate]",
7516,"Bifidobacterium Lactis",
7848,"Ascorbic Acid (Vitamin C)",
6836,"Catfish",
6837,"Catfish Meal",
7139,"Chickpeas Flour",
7510,"Coconut",
7755,"Corn Gluten Meal",
7836,"Dehulled Barley",
6888,"Dha",
7875,"Dried Aspergillus Oryzae Fermentation Product",
7873,"Dried Bacillus Licheniformis Fermentation Product",
7877,"Dried Rhizopus Oryzae Fermentation Product",
7876,"Dried Trichoderma Reesei Fermentation Product",
6850,"D‐Calcium Pantothenate",
7856,"Folic Acid]",
7835,"Ground Brown Rice",
7751,"Ground Corn",
7412,"Ground Rice",
7547,"Ground White Rice",
6935,"Guinea Fowl",
7870,"Inulin",
7517,"Lactobacillus Reuteri",
7332,"Marine Microalgae",
7857,"Minerals [Zinc Proteinate",
7341,"Mixed Tocopherols (Preservative).",
7869,"Mixed Tocopherols Added To Preserve Freshness",
7507,"Oranges",
7492,"Powdered Cellulose",
6883,"Pyridoxine Hydro-Chloride",
7842,"Rice",
6931,"Selenium Yeast",
6863,"Sodium Selenite Calcium Iodate)",
7882,"Spearmint Extract",
6841,"Sunflower Oil (Preserved With Citric Acid)",
7074,"Suncured Alfalfa Meal",
6887,"Vitamin B 12 Supplement)",
7156,"Vitamin Bl2 Supplement)",
6979,"Vitamins (Vitamin A",
6916,"Vitamins (Vitamin A Supplement",
7845,"Vitamins [Vitamin E Supplement",
7545,"Wheat Flour",
7544,"Whole Grain Ground Corn",
7760,"Meat Meal",
