"id","name","owner_id","image_url","breed","age"
2,"Frida",1,"https://live.staticflickr.com/65535/51046706992_d2cac4703d_z.jpg ","Lurcher",1
7,"Izzy",1,"https://live.staticflickr.com/65535/51052581928_2dd35df255_z.jpg","Terrier",1
12,"Indiana Bones",5,"https://i.natgeofe.com/n/739c90bc-79da-46a1-ac83-6b9ec8b146cc/10-domestic-dog-gallery.jpg","Chihuahua",2
14,"Chewbarka",5,"https://i.pinimg.com/originals/b4/66/f1/b466f142e1403e6732389d2510299ac9.jpg","Mastiff",0
1,"Endy",1,"https://live.staticflickr.com/65535/51045854808_857aa46e52_z.jpg ","Silken Windhound",2
